{"test_f1": 0.32, "test_acc": 0.711864406779661, "test_prec": 0.2222222222222222, "test_rec": 0.5714285714285714}