{"train_f1": 0.685025817555938, "train_acc": 0.6325301204819277, "train_prec": 0.5940298507462687, "train_rec": 0.8089430894308943, "val_f1": 0.7441860465116279, "val_acc": 0.6901408450704225, "val_prec": 0.6274509803921569, "val_rec": 0.9142857142857143, "test_f1": 0.6549707602339182, "test_acc": 0.5902777777777778, "test_prec": 0.56, "test_rec": 0.7887323943661971}