{"test_f1": 0.35714285714285715, "test_acc": 0.6949152542372882, "test_prec": 0.23809523809523808, "test_rec": 0.7142857142857143}