{"test_f1": 0.30769230769230765, "test_acc": 0.5423728813559322, "test_prec": 0.1875, "test_rec": 0.8571428571428571}