{"train_f1": 0.0, "train_acc": 0.5060240963855421, "train_prec": 0.0, "train_rec": 0.0, "val_f1": 0.0, "val_acc": 0.5070422535211268, "val_prec": 0.0, "val_rec": 0.0, "test_f1": 0.0, "test_acc": 0.5069444444444444, "test_prec": 0.0, "test_rec": 0.0}