{"baseline: -": {"cae_mse": {"mean": 0.004314964113291311, "std": 0.003039482510415419}, "jpeg_mse": {"mean": 4.337842621662855, "std": 3.559885107465587}, "delentropy": {"mean": 1.6865093754720344, "std": 0.20130942314378472}}, "val: negative": {"cae_mse": {"mean": 0.002791943835327352, "std": 0.001530511286428669}, "jpeg_mse": {"mean": 3.640531827148612, "std": 2.427022914540167}, "delentropy": {"mean": 1.6845432017462656, "std": 0.14678824740624236}}, "val: positive": {"cae_mse": {"mean": 0.00234680240585775, "std": 0.0018337310441498822}, "jpeg_mse": {"mean": 3.1293726422321875, "std": 2.945619238427358}, "delentropy": {"mean": 1.6635030101855304, "std": 0.2185415537831638}}}