{"test_f1": 0.5285714285714286, "test_acc": 0.5, "test_prec": 0.6065573770491803, "test_rec": 0.46835443037974683}