{"test_f1": 0.5323741007194245, "test_acc": 0.5075757575757576, "test_prec": 0.6166666666666667, "test_rec": 0.46835443037974683}