{"train_f1": 0.5292841648590021, "train_acc": 0.5225522552255225, "train_prec": 0.648936170212766, "train_rec": 0.4468864468864469, "val_f1": 0.5196850393700787, "val_acc": 0.5271317829457365, "val_prec": 0.673469387755102, "val_rec": 0.4230769230769231, "test_f1": 0.537313432835821, "test_acc": 0.5267175572519084, "test_prec": 0.6486486486486487, "test_rec": 0.4585987261146497}