{"train_f1": 0.5483528161530287, "train_acc": 0.5324532453245324, "train_prec": 0.6531645569620254, "train_rec": 0.4725274725274725, "val_f1": 0.53125, "val_acc": 0.5384615384615384, "val_prec": 0.68, "val_rec": 0.4358974358974359, "test_f1": 0.5481481481481482, "test_acc": 0.5325670498084292, "test_prec": 0.6548672566371682, "test_rec": 0.4713375796178344}