{"train_f1": 0.0, "train_acc": 0.570957095709571, "train_prec": 0.0, "train_rec": 0.0, "val_f1": 0.0, "val_acc": 0.6046511627906976, "val_prec": 0.0, "val_rec": 0.0, "test_f1": 0.0, "test_acc": 0.5572519083969466, "test_prec": 0.0, "test_rec": 0.0}