{"train_f1": 0.0, "train_acc": 0.5863586358635864, "train_prec": 0.0, "train_rec": 0.0, "val_f1": 0.0, "val_acc": 0.6201550387596899, "val_prec": 0.0, "val_rec": 0.0, "test_f1": 0.0, "test_acc": 0.5763358778625954, "test_prec": 0.0, "test_rec": 0.0}