{"train_f1": 0.5347826086956522, "train_acc": 0.5291529152915292, "train_prec": 0.6577540106951871, "train_rec": 0.45054945054945056, "val_f1": 0.5238095238095238, "val_acc": 0.5384615384615384, "val_prec": 0.6875, "val_rec": 0.4230769230769231, "test_f1": 0.550185873605948, "test_acc": 0.5363984674329502, "test_prec": 0.6607142857142857, "test_rec": 0.4713375796178344}