{"test_f1": 0.7093023255813953, "test_acc": 0.6212121212121212, "test_prec": 0.6559139784946236, "test_rec": 0.7721518987341772}