{"train_f1": 0.0, "train_acc": 0.39933993399339934, "train_prec": 0.0, "train_rec": 0.0, "val_f1": 0.0, "val_acc": 0.3953488372093023, "val_prec": 0.0, "val_rec": 0.0, "test_f1": 0.0, "test_acc": 0.40076335877862596, "test_prec": 0.0, "test_rec": 0.0}