data_split,label,cae_mse_mean,cae_mse_std,jpeg_mse_mean,jpeg_mse_std,delentropy_mean,delentropy_std
baseline,-,0.08643523150799316,0.046481240136457304,6.145337072030942,4.664094499460927,1.688629928350708,0.2014312695694757
val,negative,0.08901462309500748,0.009448761838816043,1.9172889801845627,0.4706668876176299,1.503194084615468,0.07116767317848
val,positive,0.09209473779759342,0.01252918540393261,2.3587091667867512,0.4628078931411399,1.546377720521388,0.046755150033282
