,data_split,label,cae_mse,cae_mse,jpeg_mse,jpeg_mse,delentropy,delentropy
,,,mean,std,mean,std,mean,std
0,baseline,-,0.08730841672741896,0.04734742309706032,6.145337072030942,4.664094499460927,1.688629928350708,0.2014312695694757
1,val,negative,0.08967730651299155,0.009525447295889916,1.9172889801845627,0.4706668876176299,1.503194084615468,0.07116767317848
2,val,positive,0.09275014182695972,0.012714649392869835,2.3587091667867512,0.4628078931411399,1.546377720521388,0.046755150033282
