{"baseline: -": {"cae_mse": {"mean": 0.08730841672741896, "std": 0.04734742309706032}, "jpeg_mse": {"mean": 6.145337072030942, "std": 4.664094499460927}}, "val: negative": {"cae_mse": {"mean": 0.08967730651299155, "std": 0.009525447295889916}, "jpeg_mse": {"mean": 1.9172889801845627, "std": 0.4706668876176299}}, "val: positive": {"cae_mse": {"mean": 0.09275014182695972, "std": 0.012714649392869835}, "jpeg_mse": {"mean": 2.3587091667867512, "std": 0.4628078931411399}}}