{"baseline: -": {"cae_mse": {"mean": 0.08606068676739344, "std": 0.04686391393779384}, "jpeg_mse": {"mean": 6.145337072030942, "std": 4.664094499460927}, "delentropy": {"mean": 1.688629928350708, "std": 0.2014312695694757}}, "val: negative": {"cae_mse": {"mean": 0.08924051739421542, "std": 0.009464466110690389}, "jpeg_mse": {"mean": 1.9172889801845627, "std": 0.4706668876176299}, "delentropy": {"mean": 1.503194084615468, "std": 0.07116767317848}}, "val: positive": {"cae_mse": {"mean": 0.09215715728127034, "std": 0.012784351349811568}, "jpeg_mse": {"mean": 2.3587091667867512, "std": 0.4628078931411399}, "delentropy": {"mean": 1.546377720521388, "std": 0.046755150033282}}}