{"baseline: -": {"cae_mse": {"mean": 0.08336373674226738, "std": 0.0452593115531801}, "jpeg_mse": {"mean": 6.145337072030942, "std": 4.664094499460927}, "delentropy": {"mean": 1.688629928350708, "std": 0.2014312695694757}}, "val: negative": {"cae_mse": {"mean": 0.08736030918126009, "std": 0.009156033989388803}, "jpeg_mse": {"mean": 1.9172889801845627, "std": 0.4706668876176299}, "delentropy": {"mean": 1.503194084615468, "std": 0.07116767317848}}, "val: positive": {"cae_mse": {"mean": 0.09012552680304413, "std": 0.012389446310714477}, "jpeg_mse": {"mean": 2.3587091667867512, "std": 0.4628078931411399}, "delentropy": {"mean": 1.546377720521388, "std": 0.046755150033282}}}