{"train_f1": 0.7484493452791178, "train_acc": 0.5984598459845984, "train_prec": 0.6, "train_rec": 0.9945054945054945, "val_f1": 0.7439613526570047, "val_acc": 0.5923076923076923, "val_prec": 0.5968992248062015, "val_rec": 0.9871794871794872, "test_f1": 0.7482014388489209, "test_acc": 0.5977011494252874, "test_prec": 0.6, "test_rec": 0.9936305732484076}