{"train_f1": 0.7475862068965518, "train_acc": 0.5973597359735974, "train_prec": 0.5995575221238938, "train_rec": 0.9926739926739927, "val_f1": 0.7439613526570047, "val_acc": 0.5923076923076923, "val_prec": 0.5968992248062015, "val_rec": 0.9871794871794872, "test_f1": 0.7421686746987952, "test_acc": 0.5900383141762452, "test_prec": 0.5968992248062015, "test_rec": 0.9808917197452229}