{"train_f1": 0.5303030303030304, "train_acc": 0.5225522552255225, "train_prec": 0.6481481481481481, "train_rec": 0.44871794871794873, "val_f1": 0.5196850393700787, "val_acc": 0.5307692307692308, "val_prec": 0.673469387755102, "val_rec": 0.4230769230769231, "test_f1": 0.5393258426966292, "test_acc": 0.5287356321839081, "test_prec": 0.6545454545454545, "test_rec": 0.4585987261146497}