{"casting": {}, "streets": {"corrected_cae_metrics": {"train_f1": 0.0, "train_acc": 0.8920704845814978, "train_prec": 0.0, "train_rec": 0.0, "val_f1": 0.0, "val_acc": 0.8928571428571429, "val_prec": 0.0, "val_rec": 0.0, "test_f1": 0.0, "test_acc": 0.8813559322033898, "test_prec": 0.0, "test_rec": 0.0}, "cae_metrics": {"train_f1": 0.25, "train_acc": 0.5903083700440529, "train_prec": 0.15577889447236182, "train_rec": 0.6326530612244898, "val_f1": 0.3333333333333333, "val_acc": 0.7142857142857143, "val_prec": 0.2222222222222222, "val_rec": 0.6666666666666666, "test_f1": 0.1875, "test_acc": 0.559322033898305, "test_prec": 0.12, "test_rec": 0.42857142857142855}}}