{"casting": {}, "streets": {"corrected_cae_metrics": {"train_f1": 0.0, "train_acc": 0.8920704845814978, "train_prec": 0.0, "train_rec": 0.0, "val_f1": 0.0, "val_acc": 0.8928571428571429, "val_prec": 0.0, "val_rec": 0.0, "test_f1": 0.0, "test_acc": 0.8813559322033898, "test_prec": 0.0, "test_rec": 0.0}, "cae_metrics": {"train_f1": 0.24475524475524477, "train_acc": 0.5242290748898678, "train_prec": 0.14767932489451477, "train_rec": 0.7142857142857143, "val_f1": 0.32, "val_acc": 0.6964285714285714, "val_prec": 0.21052631578947367, "val_rec": 0.6666666666666666, "test_f1": 0.17142857142857143, "test_acc": 0.5084745762711864, "test_prec": 0.10714285714285714, "test_rec": 0.42857142857142855}}}