{"casting": {"corrected_cae_metrics": {"train_f1": 0.0, "train_acc": 0.39933993399339934, "train_prec": 0.0, "train_rec": 0.0, "val_f1": 0.0, "val_acc": 0.3953488372093023, "val_prec": 0.0, "val_rec": 0.0, "test_f1": 0.0, "test_acc": 0.40076335877862596, "test_prec": 0.0, "test_rec": 0.0}, "cae_metrics": {"train_f1": 0.5292841648590021, "train_acc": 0.5225522552255225, "train_prec": 0.648936170212766, "train_rec": 0.4468864468864469, "val_f1": 0.5196850393700787, "val_acc": 0.5271317829457365, "val_prec": 0.673469387755102, "val_rec": 0.4230769230769231, "test_f1": 0.537313432835821, "test_acc": 0.5267175572519084, "test_prec": 0.6486486486486487, "test_rec": 0.4585987261146497}}, "streets": {"corrected_cae_metrics": {"train_f1": 0.0, "train_acc": 0.5060240963855421, "train_prec": 0.0, "train_rec": 0.0, "val_f1": 0.0, "val_acc": 0.5070422535211268, "val_prec": 0.0, "val_rec": 0.0, "test_f1": 0.0, "test_acc": 0.5069444444444444, "test_prec": 0.0, "test_rec": 0.0}, "cae_metrics": {"train_f1": 0.685025817555938, "train_acc": 0.6325301204819277, "train_prec": 0.5940298507462687, "train_rec": 0.8089430894308943, "val_f1": 0.7441860465116279, "val_acc": 0.6901408450704225, "val_prec": 0.6274509803921569, "val_rec": 0.9142857142857143, "test_f1": 0.6549707602339182, "test_acc": 0.5902777777777778, "test_prec": 0.56, "test_rec": 0.7887323943661971}}}