{"casting": {"corrected_cae_metrics": {"train_f1": 0.0, "train_acc": 0.3994225216554379, "train_prec": 0.0, "train_rec": 0.0, "val_f1": 0.0, "val_acc": 0.3953488372093023, "val_prec": 0.0, "val_rec": 0.0, "test_f1": 0.0, "test_acc": 0.4015151515151515, "test_prec": 0.0, "test_rec": 0.0}, "cae_metrics": {"train_f1": 0.7486437613019892, "train_acc": 0.5986525505293552, "train_prec": 0.6, "train_rec": 0.9951923076923077, "val_f1": 0.7475728155339806, "val_acc": 0.5968992248062015, "val_prec": 0.6015625, "val_rec": 0.9871794871794872, "test_f1": 0.7428571428571428, "test_acc": 0.5909090909090909, "test_prec": 0.5954198473282443, "test_rec": 0.9873417721518988}}, "streets": {}}