{"casting": {}, "streets": {"corrected_cae_metrics": {"train_f1": 0.0, "train_acc": 0.8920704845814978, "train_prec": 0.0, "train_rec": 0.0, "val_f1": 0.0, "val_acc": 0.8928571428571429, "val_prec": 0.0, "val_rec": 0.0, "test_f1": 0.0, "test_acc": 0.8813559322033898, "test_prec": 0.0, "test_rec": 0.0}, "cae_metrics": {"train_f1": 0.23920265780730895, "train_acc": 0.4955947136563877, "train_prec": 0.14285714285714285, "train_rec": 0.7346938775510204, "val_f1": 0.32, "val_acc": 0.6964285714285714, "val_prec": 0.21052631578947367, "val_rec": 0.6666666666666666, "test_f1": 0.21621621621621623, "test_acc": 0.5084745762711864, "test_prec": 0.13333333333333333, "test_rec": 0.5714285714285714}}}