{"casting": {}, "streets": {"corrected_cae_metrics": {"train_f1": 0.0, "train_acc": 0.8920704845814978, "train_prec": 0.0, "train_rec": 0.0, "val_f1": 0.0, "val_acc": 0.8928571428571429, "val_prec": 0.0, "val_rec": 0.0, "test_f1": 0.0, "test_acc": 0.8813559322033898, "test_prec": 0.0, "test_rec": 0.0}, "cae_metrics": {"train_f1": 0.2542955326460481, "train_acc": 0.5220264317180616, "train_prec": 0.15289256198347106, "train_rec": 0.7551020408163265, "val_f1": 0.32, "val_acc": 0.6964285714285714, "val_prec": 0.21052631578947367, "val_rec": 0.6666666666666666, "test_f1": 0.16666666666666663, "test_acc": 0.4915254237288136, "test_prec": 0.10344827586206896, "test_rec": 0.42857142857142855}}}